{
    "24_page.txt": {
        "timings": [
            3.149211883544922,
            0.13578081130981445,
            0.13668513298034668
        ],
        "qa_pairs": [
            [
                "Is there Account Manager from Samoa?",
                "Who is mostly work with children?",
                "What is Emerida Abdelmjid role?"
            ],
            [
                " YES",
                "",
                ""
            ],
            [
                "No",
                "Noemia Anthony",
                "Sales Account Manager"
            ]
        ]
    },
    "25_page.txt": {
        "timings": [
            1.399764060974121,
            0.11781811714172363,
            0.11896228790283203
        ],
        "qa_pairs": [
            [
                "When Ala was born?",
                "Name expert from Ireland",
                "Suggest me a psychologist"
            ],
            [
                " Born: 3/3/1990",
                "",
                ""
            ],
            [
                "3/3/1990",
                "Sidahmed Cerca",
                "Abdallahi Aranza"
            ]
        ]
    },
    "2_page.txt": {
        "timings": [
            1.3725900650024414,
            0.13207769393920898,
            0.12782788276672363
        ],
        "qa_pairs": [
            [
                "When Benabdellah bday?",
                "Where Abdelmonim from?",
                "Name person with highest qualification degree"
            ],
            [
                "",
                "",
                ""
            ],
            [
                "10/7/1974",
                "Nicaragua",
                "Inhar"
            ]
        ]
    },
    "3_page.txt": {
        "timings": [
            1.3084521293640137,
            0.12118387222290039,
            0.28701305389404297
        ],
        "qa_pairs": [
            [
                "When Sofija celebrate bday?",
                "What Xuhar role?",
                "Name person with the largest experience due to this document"
            ],
            [
                "",
                "",
                " NAME: Breanna Astou\n        "
            ],
            [
                "2nd May",
                "Account Manager",
                "Breanna"
            ]
        ]
    },
    "8_page.txt": {
        "timings": [
            1.5151970386505127,
            0.31784486770629883,
            0.1654798984527588
        ],
        "qa_pairs": [
            [
                "Provide the month when Rochel Birger was born",
                "Who is responsible for parties, logistics?",
                "Does Gianfranco Cathy has more experiance than Rochel Birger?"
            ],
            [
                " 20/7/1977",
                " A Recovery Coach is responsible for parties, logistics.",
                ""
            ],
            [
                "August",
                "Rochel Birger",
                "No"
            ]
        ]
    },
    "9_page.txt": {
        "timings": [
            1.3954458236694336,
            0.12825298309326172,
            0.15336203575134277
        ],
        "qa_pairs": [
            [
                "When Hamara Argeme was born?",
                "Where Adrianne Birger was born?",
                "What is the name of person which could assist with taxes?"
            ],
            [
                "",
                "",
                ""
            ],
            [
                "15/3/1989",
                "Turkmenistan",
                "Yenai Calisto"
            ]
        ]
    },
    "10_page.txt": {
        "timings": [
            1.7499017715454102,
            0.2509629726409912,
            0.20525288581848145
        ],
        "qa_pairs": [
            [
                "When Aoued Brook was born?",
                "Who is IT Director?",
                "Who is working in the Network field?"
            ],
            [
                " Aoued Brook was born in October, 21, 1970.",
                " IT Director is a job title.",
                " Aoued Brook"
            ],
            [
                "21/10/1970",
                "Jeromy Angelena",
                "Tawanna Chiquinquira"
            ]
        ]
    },
    "11_page.txt": {
        "timings": [
            1.3480510711669922,
            0.1292731761932373,
            0.20632338523864746
        ],
        "qa_pairs": [
            [
                "When Cleuza Balbina was born?",
                "What qualification Inacio Aleksandr has?",
                "Suggest a person who can configure, monitor, and maintain network infrastructure"
            ],
            [
                "",
                "",
                ".amadu"
            ],
            [
                "5/7/1995",
                "MBA",
                "Shagufta Andersson"
            ]
        ]
    },
    "23_page.txt": {
        "timings": [
            1.4379382133483887,
            0.13819622993469238,
            0.1304330825805664
        ],
        "qa_pairs": [
            [
                "How long Nedyalko Adnane work in a current position?",
                "What is Arben Aritz job title?",
                "Is there PhD expert from Kazakhstan?"
            ],
            [
                "3",
                "",
                ""
            ],
            [
                "1 year",
                "Network Administrator",
                "No"
            ]
        ]
    },
    "22_page.txt": {
        "timings": [
            1.8925819396972656,
            0.31478285789489746,
            0.13135480880737305
        ],
        "qa_pairs": [
            [
                "Is there network security expert from Fiji?",
                "Name experianced interior designer",
                "Does Kory work in finance?"
            ],
            [
                " There is a Network Security Specialist from Fiji who works in the Security Operations Center (SOC) of an organization.",
                "\"name\": \"Rommel Bjarne\"\n       ",
                ""
            ],
            [
                "No",
                "Rommel Bjarne",
                "Yes"
            ]
        ]
    },
    "5_page.txt": {
        "timings": [
            1.440983772277832,
            0.3245241641998291,
            0.19694304466247559
        ],
        "qa_pairs": [
            [
                "When Marina Abelard was born?",
                "Who was born in Greenland?",
                "What qualification person born in Greece has?"
            ],
            [
                "",
                "izedName = \"Mireilla Afafe\"\n        ",
                " Marina Abelard"
            ],
            [
                "28/8/1989",
                "Mireilla Afafe",
                "BA"
            ]
        ]
    },
    "4_page.txt": {
        "timings": [
            1.7870101928710938,
            0.14023399353027344,
            0.14733600616455078
        ],
        "qa_pairs": [
            [
                "When Airin was born?",
                "What qualification Monina Borja has?",
                "Does Izabela work as Data Analyst?"
            ],
            [
                " Airin was born in 21/5/1988.",
                "",
                ""
            ],
            [
                "21/5/1988",
                "MCA",
                "Yes"
            ]
        ]
    },
    "29_page.txt": {
        "timings": [
            1.5948481559753418,
            0.347750186920166,
            0.2191159725189209
        ],